-- NikiMart — Neon setup script (schema + seed). Safe to re-run.
-- Generated by scripts/generate-setup-sql.ts
BEGIN;

-- 1. Clean slate --------------------------------------------------------
DROP TABLE IF EXISTS "PageSection" CASCADE;
DROP TABLE IF EXISTS "Page" CASCADE;
DROP TABLE IF EXISTS "SiteSetting" CASCADE;
DROP TABLE IF EXISTS "Shipment" CASCADE;
DROP TABLE IF EXISTS "OrderItem" CASCADE;
DROP TABLE IF EXISTS "Order" CASCADE;
DROP TABLE IF EXISTS "PickupPoint" CASCADE;
DROP TABLE IF EXISTS "Product" CASCADE;
DROP TABLE IF EXISTS "Vendor" CASCADE;
DROP TABLE IF EXISTS "Category" CASCADE;
DROP TABLE IF EXISTS "Session" CASCADE;
DROP TABLE IF EXISTS "Account" CASCADE;
DROP TABLE IF EXISTS "VerificationToken" CASCADE;
DROP TABLE IF EXISTS "User" CASCADE;
DROP TABLE IF EXISTS "_prisma_migrations" CASCADE;

-- 2. Schema (from all prisma migrations, in order) --------------------
-- migration: 20260706153330_init
-- CreateTable
CREATE TABLE "User" (
    "id" TEXT NOT NULL,
    "name" TEXT,
    "email" TEXT NOT NULL,
    "emailVerified" TIMESTAMP(3),
    "image" TEXT,
    "phone" TEXT,
    "passwordHash" TEXT,
    "role" TEXT NOT NULL DEFAULT 'CUSTOMER',
    "createdAt" TIMESTAMP(3) NOT NULL DEFAULT CURRENT_TIMESTAMP,
    "updatedAt" TIMESTAMP(3) NOT NULL,

    CONSTRAINT "User_pkey" PRIMARY KEY ("id")
);

-- CreateTable
CREATE TABLE "Account" (
    "id" TEXT NOT NULL,
    "userId" TEXT NOT NULL,
    "type" TEXT NOT NULL,
    "provider" TEXT NOT NULL,
    "providerAccountId" TEXT NOT NULL,
    "refresh_token" TEXT,
    "access_token" TEXT,
    "expires_at" INTEGER,
    "token_type" TEXT,
    "scope" TEXT,
    "id_token" TEXT,
    "session_state" TEXT,

    CONSTRAINT "Account_pkey" PRIMARY KEY ("id")
);

-- CreateTable
CREATE TABLE "Session" (
    "id" TEXT NOT NULL,
    "sessionToken" TEXT NOT NULL,
    "userId" TEXT NOT NULL,
    "expires" TIMESTAMP(3) NOT NULL,

    CONSTRAINT "Session_pkey" PRIMARY KEY ("id")
);

-- CreateTable
CREATE TABLE "VerificationToken" (
    "identifier" TEXT NOT NULL,
    "token" TEXT NOT NULL,
    "expires" TIMESTAMP(3) NOT NULL
);

-- CreateTable
CREATE TABLE "Category" (
    "id" TEXT NOT NULL,
    "name" TEXT NOT NULL,
    "slug" TEXT NOT NULL,
    "icon" TEXT NOT NULL,
    "description" TEXT NOT NULL,
    "productCount" INTEGER NOT NULL DEFAULT 0,

    CONSTRAINT "Category_pkey" PRIMARY KEY ("id")
);

-- CreateTable
CREATE TABLE "Vendor" (
    "id" TEXT NOT NULL,
    "slug" TEXT NOT NULL,
    "businessName" TEXT NOT NULL,
    "sellerTypes" TEXT NOT NULL DEFAULT '[]',
    "description" TEXT NOT NULL,
    "initials" TEXT NOT NULL,
    "accentFrom" TEXT NOT NULL,
    "accentTo" TEXT NOT NULL,
    "locationIds" TEXT NOT NULL DEFAULT '[]',
    "verificationStatus" TEXT NOT NULL DEFAULT 'pending',
    "rating" DOUBLE PRECISION NOT NULL DEFAULT 0,
    "reviewCount" INTEGER NOT NULL DEFAULT 0,
    "totalSales" INTEGER NOT NULL DEFAULT 0,
    "isOfficial" BOOLEAN NOT NULL DEFAULT false,
    "deliveryAvailable" BOOLEAN NOT NULL DEFAULT false,
    "pickupAvailable" BOOLEAN NOT NULL DEFAULT false,
    "sameDayDeliveryAvailable" BOOLEAN NOT NULL DEFAULT false,
    "ownerId" TEXT,

    CONSTRAINT "Vendor_pkey" PRIMARY KEY ("id")
);

-- CreateTable
CREATE TABLE "Product" (
    "id" TEXT NOT NULL,
    "slug" TEXT NOT NULL,
    "name" TEXT NOT NULL,
    "description" TEXT NOT NULL,
    "price" DOUBLE PRECISION NOT NULL,
    "oldPrice" DOUBLE PRECISION,
    "stockQuantity" INTEGER NOT NULL DEFAULT 0,
    "productType" TEXT NOT NULL DEFAULT 'in_stock',
    "badges" TEXT NOT NULL DEFAULT '[]',
    "locationIds" TEXT NOT NULL DEFAULT '[]',
    "campusDeliveryAvailable" BOOLEAN NOT NULL DEFAULT false,
    "pickupAvailable" BOOLEAN NOT NULL DEFAULT false,
    "sameDayDeliveryAvailable" BOOLEAN NOT NULL DEFAULT false,
    "isOfficial" BOOLEAN NOT NULL DEFAULT false,
    "isFeatured" BOOLEAN NOT NULL DEFAULT false,
    "rating" DOUBLE PRECISION NOT NULL DEFAULT 0,
    "reviewCount" INTEGER NOT NULL DEFAULT 0,
    "gradientFrom" TEXT NOT NULL,
    "gradientTo" TEXT NOT NULL,
    "emoji" TEXT NOT NULL,
    "image" TEXT,
    "preorderInfo" TEXT,
    "serviceInfo" TEXT,
    "categoryId" TEXT NOT NULL,
    "vendorId" TEXT NOT NULL,

    CONSTRAINT "Product_pkey" PRIMARY KEY ("id")
);

-- CreateTable
CREATE TABLE "Order" (
    "id" TEXT NOT NULL,
    "orderNumber" TEXT NOT NULL,
    "status" TEXT NOT NULL DEFAULT 'pending',
    "subtotal" DOUBLE PRECISION NOT NULL DEFAULT 0,
    "deliveryFee" DOUBLE PRECISION NOT NULL DEFAULT 0,
    "total" DOUBLE PRECISION NOT NULL DEFAULT 0,
    "deliveryMethod" TEXT NOT NULL DEFAULT 'delivery',
    "address" TEXT,
    "createdAt" TIMESTAMP(3) NOT NULL DEFAULT CURRENT_TIMESTAMP,
    "updatedAt" TIMESTAMP(3) NOT NULL,
    "userId" TEXT NOT NULL,
    "pickupPointId" TEXT,

    CONSTRAINT "Order_pkey" PRIMARY KEY ("id")
);

-- CreateTable
CREATE TABLE "OrderItem" (
    "id" TEXT NOT NULL,
    "quantity" INTEGER NOT NULL DEFAULT 1,
    "unitPrice" DOUBLE PRECISION NOT NULL,
    "orderId" TEXT NOT NULL,
    "productId" TEXT NOT NULL,

    CONSTRAINT "OrderItem_pkey" PRIMARY KEY ("id")
);

-- CreateTable
CREATE TABLE "PickupPoint" (
    "id" TEXT NOT NULL,
    "name" TEXT NOT NULL,
    "code" TEXT NOT NULL,
    "locationName" TEXT NOT NULL,
    "address" TEXT NOT NULL,
    "isActive" BOOLEAN NOT NULL DEFAULT true,
    "createdAt" TIMESTAMP(3) NOT NULL DEFAULT CURRENT_TIMESTAMP,
    "operatorId" TEXT,

    CONSTRAINT "PickupPoint_pkey" PRIMARY KEY ("id")
);

-- CreateTable
CREATE TABLE "Shipment" (
    "id" TEXT NOT NULL,
    "trackingNumber" TEXT NOT NULL,
    "status" TEXT NOT NULL DEFAULT 'processing',
    "carrier" TEXT NOT NULL DEFAULT 'NikiMart Freight',
    "origin" TEXT NOT NULL,
    "destination" TEXT NOT NULL,
    "eta" TIMESTAMP(3),
    "createdAt" TIMESTAMP(3) NOT NULL DEFAULT CURRENT_TIMESTAMP,
    "updatedAt" TIMESTAMP(3) NOT NULL,
    "orderId" TEXT NOT NULL,
    "freightAgentId" TEXT,

    CONSTRAINT "Shipment_pkey" PRIMARY KEY ("id")
);

-- CreateIndex
CREATE UNIQUE INDEX "User_email_key" ON "User"("email");

-- CreateIndex
CREATE UNIQUE INDEX "Account_provider_providerAccountId_key" ON "Account"("provider", "providerAccountId");

-- CreateIndex
CREATE UNIQUE INDEX "Session_sessionToken_key" ON "Session"("sessionToken");

-- CreateIndex
CREATE UNIQUE INDEX "VerificationToken_token_key" ON "VerificationToken"("token");

-- CreateIndex
CREATE UNIQUE INDEX "VerificationToken_identifier_token_key" ON "VerificationToken"("identifier", "token");

-- CreateIndex
CREATE UNIQUE INDEX "Category_slug_key" ON "Category"("slug");

-- CreateIndex
CREATE UNIQUE INDEX "Vendor_slug_key" ON "Vendor"("slug");

-- CreateIndex
CREATE UNIQUE INDEX "Vendor_ownerId_key" ON "Vendor"("ownerId");

-- CreateIndex
CREATE UNIQUE INDEX "Product_slug_key" ON "Product"("slug");

-- CreateIndex
CREATE UNIQUE INDEX "Order_orderNumber_key" ON "Order"("orderNumber");

-- CreateIndex
CREATE UNIQUE INDEX "PickupPoint_code_key" ON "PickupPoint"("code");

-- CreateIndex
CREATE UNIQUE INDEX "PickupPoint_operatorId_key" ON "PickupPoint"("operatorId");

-- CreateIndex
CREATE UNIQUE INDEX "Shipment_trackingNumber_key" ON "Shipment"("trackingNumber");

-- CreateIndex
CREATE UNIQUE INDEX "Shipment_orderId_key" ON "Shipment"("orderId");

-- AddForeignKey
ALTER TABLE "Account" ADD CONSTRAINT "Account_userId_fkey" FOREIGN KEY ("userId") REFERENCES "User"("id") ON DELETE CASCADE ON UPDATE CASCADE;

-- AddForeignKey
ALTER TABLE "Session" ADD CONSTRAINT "Session_userId_fkey" FOREIGN KEY ("userId") REFERENCES "User"("id") ON DELETE CASCADE ON UPDATE CASCADE;

-- AddForeignKey
ALTER TABLE "Vendor" ADD CONSTRAINT "Vendor_ownerId_fkey" FOREIGN KEY ("ownerId") REFERENCES "User"("id") ON DELETE SET NULL ON UPDATE CASCADE;

-- AddForeignKey
ALTER TABLE "Product" ADD CONSTRAINT "Product_categoryId_fkey" FOREIGN KEY ("categoryId") REFERENCES "Category"("id") ON DELETE RESTRICT ON UPDATE CASCADE;

-- AddForeignKey
ALTER TABLE "Product" ADD CONSTRAINT "Product_vendorId_fkey" FOREIGN KEY ("vendorId") REFERENCES "Vendor"("id") ON DELETE RESTRICT ON UPDATE CASCADE;

-- AddForeignKey
ALTER TABLE "Order" ADD CONSTRAINT "Order_userId_fkey" FOREIGN KEY ("userId") REFERENCES "User"("id") ON DELETE CASCADE ON UPDATE CASCADE;

-- AddForeignKey
ALTER TABLE "Order" ADD CONSTRAINT "Order_pickupPointId_fkey" FOREIGN KEY ("pickupPointId") REFERENCES "PickupPoint"("id") ON DELETE SET NULL ON UPDATE CASCADE;

-- AddForeignKey
ALTER TABLE "OrderItem" ADD CONSTRAINT "OrderItem_orderId_fkey" FOREIGN KEY ("orderId") REFERENCES "Order"("id") ON DELETE CASCADE ON UPDATE CASCADE;

-- AddForeignKey
ALTER TABLE "OrderItem" ADD CONSTRAINT "OrderItem_productId_fkey" FOREIGN KEY ("productId") REFERENCES "Product"("id") ON DELETE RESTRICT ON UPDATE CASCADE;

-- AddForeignKey
ALTER TABLE "PickupPoint" ADD CONSTRAINT "PickupPoint_operatorId_fkey" FOREIGN KEY ("operatorId") REFERENCES "User"("id") ON DELETE SET NULL ON UPDATE CASCADE;

-- AddForeignKey
ALTER TABLE "Shipment" ADD CONSTRAINT "Shipment_orderId_fkey" FOREIGN KEY ("orderId") REFERENCES "Order"("id") ON DELETE CASCADE ON UPDATE CASCADE;

-- AddForeignKey
ALTER TABLE "Shipment" ADD CONSTRAINT "Shipment_freightAgentId_fkey" FOREIGN KEY ("freightAgentId") REFERENCES "User"("id") ON DELETE SET NULL ON UPDATE CASCADE;

-- migration: 20260711235008_page_builder
-- CreateTable
CREATE TABLE "Page" (
    "id" TEXT NOT NULL,
    "slug" TEXT NOT NULL,
    "title" TEXT NOT NULL,
    "isPublished" BOOLEAN NOT NULL DEFAULT true,
    "isSystem" BOOLEAN NOT NULL DEFAULT false,
    "createdAt" TIMESTAMP(3) NOT NULL DEFAULT CURRENT_TIMESTAMP,
    "updatedAt" TIMESTAMP(3) NOT NULL,

    CONSTRAINT "Page_pkey" PRIMARY KEY ("id")
);

-- CreateTable
CREATE TABLE "PageSection" (
    "id" TEXT NOT NULL,
    "pageId" TEXT NOT NULL,
    "type" TEXT NOT NULL,
    "order" INTEGER NOT NULL DEFAULT 0,
    "isVisible" BOOLEAN NOT NULL DEFAULT true,
    "config" TEXT NOT NULL DEFAULT '{}',

    CONSTRAINT "PageSection_pkey" PRIMARY KEY ("id")
);

-- CreateTable
CREATE TABLE "SiteSetting" (
    "key" TEXT NOT NULL,
    "value" TEXT NOT NULL,

    CONSTRAINT "SiteSetting_pkey" PRIMARY KEY ("key")
);

-- CreateIndex
CREATE UNIQUE INDEX "Page_slug_key" ON "Page"("slug");

-- AddForeignKey
ALTER TABLE "PageSection" ADD CONSTRAINT "PageSection_pageId_fkey" FOREIGN KEY ("pageId") REFERENCES "Page"("id") ON DELETE CASCADE ON UPDATE CASCADE;

-- migration: 20260712142729_product_images_attributes
-- AlterTable
ALTER TABLE "Product" ADD COLUMN     "attributes" TEXT NOT NULL DEFAULT '[]';

-- CreateTable
CREATE TABLE "ProductImage" (
    "id" TEXT NOT NULL,
    "productId" TEXT NOT NULL,
    "url" TEXT NOT NULL,
    "order" INTEGER NOT NULL DEFAULT 0,

    CONSTRAINT "ProductImage_pkey" PRIMARY KEY ("id")
);

-- AddForeignKey
ALTER TABLE "ProductImage" ADD CONSTRAINT "ProductImage_productId_fkey" FOREIGN KEY ("productId") REFERENCES "Product"("id") ON DELETE CASCADE ON UPDATE CASCADE;

-- 3. Prisma migration bookkeeping --------------------------------------
CREATE TABLE IF NOT EXISTS "_prisma_migrations" (
  "id" VARCHAR(36) PRIMARY KEY NOT NULL,
  "checksum" VARCHAR(64) NOT NULL,
  "finished_at" TIMESTAMPTZ,
  "migration_name" VARCHAR(255) NOT NULL,
  "logs" TEXT,
  "rolled_back_at" TIMESTAMPTZ,
  "started_at" TIMESTAMPTZ NOT NULL DEFAULT now(),
  "applied_steps_count" INTEGER NOT NULL DEFAULT 0
);
INSERT INTO "_prisma_migrations" ("id","checksum","finished_at","migration_name","started_at","applied_steps_count")
VALUES ('ff97c2fa-e64b-4732-8f8d-c97d07d63b1f', '8959088ee31a93b09143007d1ed10e0533633c821e2fa58d9d2ffa63f496bbfa', now(), '20260706153330_init', now(), 1);
INSERT INTO "_prisma_migrations" ("id","checksum","finished_at","migration_name","started_at","applied_steps_count")
VALUES ('497e0948-6ada-4264-82c8-354e90d8dc00', '1429f0dd86754159415f88a91cac91fc1df87bb49edd9c5b685bc9b597be786e', now(), '20260711235008_page_builder', now(), 1);
INSERT INTO "_prisma_migrations" ("id","checksum","finished_at","migration_name","started_at","applied_steps_count")
VALUES ('24cdaf4e-7244-4054-8084-b07b78740447', '150ff749889bb7322e4c2036e4c34af9db31046d5da3138ddcc3e8d9a6f4e84a', now(), '20260712142729_product_images_attributes', now(), 1);

-- 4. Demo accounts (password for all: password123) --------------------
INSERT INTO "User" ("id","name","email","phone","passwordHash","role","createdAt","updatedAt") VALUES ('usr-customer', 'Ama Mensah', 'customer@nikimart.test', '024 000 0001', '$2b$10$FxZWVRwI2mnXTzDyC70POOY8My3G9.HDN360GeMsQp5wtz8komrOO', 'CUSTOMER', now(), now());
INSERT INTO "User" ("id","name","email","phone","passwordHash","role","createdAt","updatedAt") VALUES ('usr-seller', 'Kojo Owusu', 'seller@nikimart.test', '024 000 0002', '$2b$10$FxZWVRwI2mnXTzDyC70POOY8My3G9.HDN360GeMsQp5wtz8komrOO', 'SELLER', now(), now());
INSERT INTO "User" ("id","name","email","phone","passwordHash","role","createdAt","updatedAt") VALUES ('usr-admin', 'Nana Adjei', 'admin@nikimart.test', '024 000 0003', '$2b$10$FxZWVRwI2mnXTzDyC70POOY8My3G9.HDN360GeMsQp5wtz8komrOO', 'ADMIN', now(), now());
INSERT INTO "User" ("id","name","email","phone","passwordHash","role","createdAt","updatedAt") VALUES ('usr-freight', 'Yaw Boateng', 'freight@nikimart.test', '024 000 0004', '$2b$10$FxZWVRwI2mnXTzDyC70POOY8My3G9.HDN360GeMsQp5wtz8komrOO', 'FREIGHT', now(), now());
INSERT INTO "User" ("id","name","email","phone","passwordHash","role","createdAt","updatedAt") VALUES ('usr-pickup', 'Efua Sarpong', 'pickup@nikimart.test', '024 000 0005', '$2b$10$FxZWVRwI2mnXTzDyC70POOY8My3G9.HDN360GeMsQp5wtz8komrOO', 'PICKUP', now(), now());

-- Categories ----------------------------------------------------------
INSERT INTO "Category" ("id","name","slug","icon","description","productCount") VALUES ('cat-phones', 'Phones & Tablets', 'phones-tablets', 'smartphone', 'Smartphones, tablets and accessories', 482);
INSERT INTO "Category" ("id","name","slug","icon","description","productCount") VALUES ('cat-phone-accessories', 'Phone Accessories', 'phone-accessories', 'headphones', 'Cases, chargers, earbuds and more', 311);
INSERT INTO "Category" ("id","name","slug","icon","description","productCount") VALUES ('cat-fashion', 'Fashion', 'fashion', 'shirt', 'Clothing for men, women and kids', 624);
INSERT INTO "Category" ("id","name","slug","icon","description","productCount") VALUES ('cat-shoes-bags', 'Shoes & Bags', 'shoes-bags', 'footprints', 'Footwear and bags for every style', 298);
INSERT INTO "Category" ("id","name","slug","icon","description","productCount") VALUES ('cat-beauty', 'Beauty & Cosmetics', 'beauty-cosmetics', 'sparkles', 'Skincare, makeup and fragrances', 356);
INSERT INTO "Category" ("id","name","slug","icon","description","productCount") VALUES ('cat-groceries', 'Groceries & Provisions', 'groceries-provisions', 'shopping-basket', 'Everyday household provisions', 410);
INSERT INTO "Category" ("id","name","slug","icon","description","productCount") VALUES ('cat-food-drinks', 'Food & Drinks', 'food-drinks', 'utensils', 'Meals, snacks and beverages', 187);
INSERT INTO "Category" ("id","name","slug","icon","description","productCount") VALUES ('cat-electronics', 'Electronics', 'electronics', 'laptop', 'Gadgets, computers and appliances', 264);
INSERT INTO "Category" ("id","name","slug","icon","description","productCount") VALUES ('cat-hostel', 'Home & Hostel Essentials', 'home-hostel-essentials', 'lamp', 'Everything for your room and home', 233);
INSERT INTO "Category" ("id","name","slug","icon","description","productCount") VALUES ('cat-school', 'School & Office Supplies', 'school-office-supplies', 'pencil-ruler', 'Stationery, bags and supplies', 178);
INSERT INTO "Category" ("id","name","slug","icon","description","productCount") VALUES ('cat-health', 'Health & Personal Care', 'health-personal-care', 'heart-pulse', 'Wellness and personal care essentials', 142);
INSERT INTO "Category" ("id","name","slug","icon","description","productCount") VALUES ('cat-baby-kids', 'Baby & Kids', 'baby-kids', 'baby', 'Everything for babies and children', 96);
INSERT INTO "Category" ("id","name","slug","icon","description","productCount") VALUES ('cat-services', 'Services', 'services', 'concierge-bell', 'Trusted local service providers', 88);
INSERT INTO "Category" ("id","name","slug","icon","description","productCount") VALUES ('cat-preorder', 'Preorder Deals', 'preorder-deals', 'package-2', 'Imported and upcoming products', 64);
INSERT INTO "Category" ("id","name","slug","icon","description","productCount") VALUES ('cat-official', 'NikiMart Official Store', 'nikimart-official-store', 'badge-check', 'Verified NikiMart branded products', 41);

-- Vendors (first vendor owned by the seller demo account) -------------
INSERT INTO "Vendor" ("id","slug","businessName","sellerTypes","description","initials","accentFrom","accentTo","locationIds","verificationStatus","rating","reviewCount","totalSales","isOfficial","deliveryAvailable","pickupAvailable","sameDayDeliveryAvailable","ownerId") VALUES ('vendor-campusgadgets', 'campus-gadgets-hub', 'Campus Gadgets Hub', '["campus_vendor","local_shop"]', 'Your go-to spot for phones, accessories and gadget repairs right on campus.', 'CG', '#FF8A00', '#FFC107', '["ug","accra"]', 'verified', 4.8, 312, 5400, FALSE, TRUE, TRUE, TRUE, 'usr-seller');
INSERT INTO "Vendor" ("id","slug","businessName","sellerTypes","description","initials","accentFrom","accentTo","locationIds","verificationStatus","rating","reviewCount","totalSales","isOfficial","deliveryAvailable","pickupAvailable","sameDayDeliveryAvailable","ownerId") VALUES ('vendor-nikimart-official', 'nikimart-official-store', 'NikiMart Official Store', '["official_partner"]', 'Verified NikiMart branded gear, merch, and trusted bulk-sourced essentials.', 'NM', '#07111F', '#FF8A00', '["any"]', 'verified', 4.9, 1204, 18700, TRUE, TRUE, TRUE, TRUE, NULL);
INSERT INTO "Vendor" ("id","slug","businessName","sellerTypes","description","initials","accentFrom","accentTo","locationIds","verificationStatus","rating","reviewCount","totalSales","isOfficial","deliveryAvailable","pickupAvailable","sameDayDeliveryAvailable","ownerId") VALUES ('vendor-importedstyles', 'imported-styles-gh', 'Imported Styles GH', '["preorder_seller","wholesale_supplier"]', 'Preorder the latest fashion and sneakers imported directly from trusted suppliers.', 'IS', '#122A47', '#FF8A00', '["kumasi","accra","knust"]', 'verified', 4.6, 198, 2300, FALSE, TRUE, FALSE, FALSE, NULL);
INSERT INTO "Vendor" ("id","slug","businessName","sellerTypes","description","initials","accentFrom","accentTo","locationIds","verificationStatus","rating","reviewCount","totalSales","isOfficial","deliveryAvailable","pickupAvailable","sameDayDeliveryAvailable","ownerId") VALUES ('vendor-mamaadwoa', 'mama-adwoa-kitchen', 'Mama Adwoa''s Kitchen', '["food_vendor","local_shop"]', 'Home-style Ghanaian meals delivered hot and fresh to your hostel or office.', 'MA', '#10B981', '#FFC107', '["knust","kumasi"]', 'verified', 4.7, 540, 9100, FALSE, TRUE, TRUE, TRUE, NULL);
INSERT INTO "Vendor" ("id","slug","businessName","sellerTypes","description","initials","accentFrom","accentTo","locationIds","verificationStatus","rating","reviewCount","totalSales","isOfficial","deliveryAvailable","pickupAvailable","sameDayDeliveryAvailable","ownerId") VALUES ('vendor-quickfix', 'quickfix-services', 'QuickFix Services', '["service_provider","campus_vendor"]', 'Phone repairs, laundry, printing and typing services for busy students.', 'QF', '#0E1F36', '#10B981', '["ug","upsa","accra"]', 'verified', 4.5, 267, 3600, FALSE, FALSE, TRUE, TRUE, NULL);
INSERT INTO "Vendor" ("id","slug","businessName","sellerTypes","description","initials","accentFrom","accentTo","locationIds","verificationStatus","rating","reviewCount","totalSales","isOfficial","deliveryAvailable","pickupAvailable","sameDayDeliveryAvailable","ownerId") VALUES ('vendor-sunyanigeneral', 'sunyani-general-stores', 'Sunyani General Stores', '["local_shop","wholesale_supplier"]', 'Wholesale groceries and household provisions serving the Bono region.', 'SG', '#FF8A00', '#EF4444', '["sunyani","hwidiem","goaso","stu"]', 'verified', 4.4, 154, 2800, FALSE, TRUE, TRUE, FALSE, NULL);
INSERT INTO "Vendor" ("id","slug","businessName","sellerTypes","description","initials","accentFrom","accentTo","locationIds","verificationStatus","rating","reviewCount","totalSales","isOfficial","deliveryAvailable","pickupAvailable","sameDayDeliveryAvailable","ownerId") VALUES ('vendor-glamhouse', 'glam-house-beauty', 'Glam House Beauty', '["local_shop"]', 'Curated skincare, makeup and fragrances for every budget.', 'GH', '#FFC107', '#EF4444', '["accra","ucc"]', 'pending', 4.3, 88, 940, FALSE, TRUE, FALSE, FALSE, NULL);

-- Products ------------------------------------------------------------
INSERT INTO "Product" ("id","slug","name","description","price","oldPrice","stockQuantity","productType","badges","locationIds","campusDeliveryAvailable","pickupAvailable","sameDayDeliveryAvailable","isOfficial","isFeatured","rating","reviewCount","gradientFrom","gradientTo","emoji","image","preorderInfo","serviceInfo","categoryId","vendorId") VALUES ('prod-iphone13', 'iphone-13-128gb', 'iPhone 13 128GB (UK Used)', 'Clean UK-used iPhone 13 with 128GB storage, 90% battery health, and a free tempered glass.', 3899, 4399, 6, 'in_stock', '["in_stock","verified_seller","campus_delivery","same_day_delivery"]', '["ug","accra"]', TRUE, TRUE, TRUE, FALSE, TRUE, 4.8, 64, '#0e1f36', '#07111f', '📱', '/products/iphone-13-128gb.jpg', NULL, NULL, 'cat-phones', 'vendor-campusgadgets');
INSERT INTO "Product" ("id","slug","name","description","price","oldPrice","stockQuantity","productType","badges","locationIds","campusDeliveryAvailable","pickupAvailable","sameDayDeliveryAvailable","isOfficial","isFeatured","rating","reviewCount","gradientFrom","gradientTo","emoji","image","preorderInfo","serviceInfo","categoryId","vendorId") VALUES ('prod-earbuds', 'wireless-earbuds-pro', 'NikiSound Wireless Earbuds Pro', 'Official NikiMart wireless earbuds with active noise cancellation and 30-hour battery life.', 249, 349, 40, 'in_stock', '["in_stock","official","flash_sale","top_rated"]', '["any"]', TRUE, TRUE, TRUE, TRUE, TRUE, 4.9, 421, '#07111f', '#ff8a00', '🎧', '/products/wireless-earbuds-pro.jpg', NULL, NULL, 'cat-phone-accessories', 'vendor-nikimart-official');
INSERT INTO "Product" ("id","slug","name","description","price","oldPrice","stockQuantity","productType","badges","locationIds","campusDeliveryAvailable","pickupAvailable","sameDayDeliveryAvailable","isOfficial","isFeatured","rating","reviewCount","gradientFrom","gradientTo","emoji","image","preorderInfo","serviceInfo","categoryId","vendorId") VALUES ('prod-powerbank', '20000mah-power-bank', '20000mAh Fast Charge Power Bank', 'Stay powered all day with fast 22.5W charging and dual USB output.', 189, NULL, 25, 'in_stock', '["in_stock","campus_delivery","limited_stock"]', '["ug","accra"]', TRUE, TRUE, FALSE, FALSE, FALSE, 4.6, 53, '#122a47', '#0e1f36', '🔌', '/products/20000mah-power-bank.jpg', NULL, NULL, 'cat-phone-accessories', 'vendor-campusgadgets');
INSERT INTO "Product" ("id","slug","name","description","price","oldPrice","stockQuantity","productType","badges","locationIds","campusDeliveryAvailable","pickupAvailable","sameDayDeliveryAvailable","isOfficial","isFeatured","rating","reviewCount","gradientFrom","gradientTo","emoji","image","preorderInfo","serviceInfo","categoryId","vendorId") VALUES ('prod-ankarafit', 'ankara-print-fitted-dress', 'Ankara Print Fitted Dress', 'Bold ankara print fitted dress, tailored for a flattering fit. Available in multiple sizes.', 145, 199, 18, 'in_stock', '["in_stock","flash_sale"]', '["accra","ucc"]', FALSE, FALSE, FALSE, FALSE, FALSE, 4.5, 37, '#ffc107', '#ef4444', '👗', '/products/ankara-print-fitted-dress.jpg', NULL, NULL, 'cat-fashion', 'vendor-glamhouse');
INSERT INTO "Product" ("id","slug","name","description","price","oldPrice","stockQuantity","productType","badges","locationIds","campusDeliveryAvailable","pickupAvailable","sameDayDeliveryAvailable","isOfficial","isFeatured","rating","reviewCount","gradientFrom","gradientTo","emoji","image","preorderInfo","serviceInfo","categoryId","vendorId") VALUES ('prod-sneakers', 'classic-court-sneakers', 'Classic Court Sneakers', 'Comfortable everyday sneakers with breathable mesh lining and durable rubber sole.', 280, NULL, 30, 'in_stock', '["in_stock","top_rated"]', '["kumasi","accra"]', FALSE, TRUE, FALSE, FALSE, TRUE, 4.7, 112, '#0e1f36', '#ff8a00', '👟', '/products/classic-court-sneakers.jpg', NULL, NULL, 'cat-shoes-bags', 'vendor-importedstyles');
INSERT INTO "Product" ("id","slug","name","description","price","oldPrice","stockQuantity","productType","badges","locationIds","campusDeliveryAvailable","pickupAvailable","sameDayDeliveryAvailable","isOfficial","isFeatured","rating","reviewCount","gradientFrom","gradientTo","emoji","image","preorderInfo","serviceInfo","categoryId","vendorId") VALUES ('prod-totebag', 'canvas-tote-bag', 'Canvas Tote Bag', 'Spacious canvas tote bag, perfect for lectures, errands or the market.', 65, NULL, 50, 'in_stock', '["in_stock"]', '["accra"]', FALSE, FALSE, FALSE, FALSE, FALSE, 4.2, 19, '#ff8a00', '#ffc107', '👜', '/products/canvas-tote-bag.jpg', NULL, NULL, 'cat-shoes-bags', 'vendor-glamhouse');
INSERT INTO "Product" ("id","slug","name","description","price","oldPrice","stockQuantity","productType","badges","locationIds","campusDeliveryAvailable","pickupAvailable","sameDayDeliveryAvailable","isOfficial","isFeatured","rating","reviewCount","gradientFrom","gradientTo","emoji","image","preorderInfo","serviceInfo","categoryId","vendorId") VALUES ('prod-skincare', 'glow-skincare-bundle', 'Glow Skincare Starter Bundle', 'Cleanser, toner and moisturizer bundle for radiant, healthy-looking skin.', 175, 220, 22, 'in_stock', '["in_stock","flash_sale","top_rated"]', '["accra","ucc"]', FALSE, FALSE, FALSE, FALSE, TRUE, 4.8, 96, '#ef4444', '#ffc107', '✨', '/products/glow-skincare-bundle.jpg', NULL, NULL, 'cat-beauty', 'vendor-glamhouse');
INSERT INTO "Product" ("id","slug","name","description","price","oldPrice","stockQuantity","productType","badges","locationIds","campusDeliveryAvailable","pickupAvailable","sameDayDeliveryAvailable","isOfficial","isFeatured","rating","reviewCount","gradientFrom","gradientTo","emoji","image","preorderInfo","serviceInfo","categoryId","vendorId") VALUES ('prod-perfume', 'signature-eau-de-parfum', 'Signature Eau De Parfum 50ml', 'Long-lasting signature fragrance imported directly from trusted international suppliers.', 220, NULL, 15, 'in_stock', '["in_stock","imported_item"]', '["kumasi","knust"]', TRUE, FALSE, FALSE, FALSE, FALSE, 4.6, 41, '#122a47', '#ef4444', '🧴', '/products/signature-eau-de-parfum.jpg', NULL, NULL, 'cat-beauty', 'vendor-importedstyles');
INSERT INTO "Product" ("id","slug","name","description","price","oldPrice","stockQuantity","productType","badges","locationIds","campusDeliveryAvailable","pickupAvailable","sameDayDeliveryAvailable","isOfficial","isFeatured","rating","reviewCount","gradientFrom","gradientTo","emoji","image","preorderInfo","serviceInfo","categoryId","vendorId") VALUES ('prod-ricebag', 'premium-rice-25kg', 'Premium Long Grain Rice 25kg', 'Bulk 25kg bag of premium long grain rice, perfect for hostels and families.', 410, NULL, 60, 'in_stock', '["in_stock","campus_delivery"]', '["sunyani","stu","hwidiem","goaso"]', TRUE, TRUE, FALSE, FALSE, FALSE, 4.7, 73, '#ff8a00', '#10b981', '🌾', '/products/premium-rice-25kg.jpg', NULL, NULL, 'cat-groceries', 'vendor-sunyanigeneral');
INSERT INTO "Product" ("id","slug","name","description","price","oldPrice","stockQuantity","productType","badges","locationIds","campusDeliveryAvailable","pickupAvailable","sameDayDeliveryAvailable","isOfficial","isFeatured","rating","reviewCount","gradientFrom","gradientTo","emoji","image","preorderInfo","serviceInfo","categoryId","vendorId") VALUES ('prod-cookingoil', 'vegetable-cooking-oil-5l', 'Vegetable Cooking Oil 5L', 'Pure vegetable cooking oil, 5 litre bottle, great for home and small business use.', 145, NULL, 45, 'in_stock', '["in_stock","limited_stock"]', '["sunyani","goaso"]', FALSE, TRUE, FALSE, FALSE, FALSE, 4.4, 28, '#10b981', '#ffc107', '🛢️', '/products/vegetable-cooking-oil-5l.jpg', NULL, NULL, 'cat-groceries', 'vendor-sunyanigeneral');
INSERT INTO "Product" ("id","slug","name","description","price","oldPrice","stockQuantity","productType","badges","locationIds","campusDeliveryAvailable","pickupAvailable","sameDayDeliveryAvailable","isOfficial","isFeatured","rating","reviewCount","gradientFrom","gradientTo","emoji","image","preorderInfo","serviceInfo","categoryId","vendorId") VALUES ('prod-laptop', 'core-i5-business-laptop', 'Core i5 Business Laptop (Refurbished)', 'Reliable refurbished business laptop, 8GB RAM, 256GB SSD — great for school work.', 2650, 3100, 8, 'in_stock', '["in_stock","verified_seller","flash_sale"]', '["ug","accra"]', TRUE, TRUE, TRUE, FALSE, TRUE, 4.7, 88, '#0e1f36', '#122a47', '💻', '/products/core-i5-business-laptop.jpg', NULL, NULL, 'cat-electronics', 'vendor-campusgadgets');
INSERT INTO "Product" ("id","slug","name","description","price","oldPrice","stockQuantity","productType","badges","locationIds","campusDeliveryAvailable","pickupAvailable","sameDayDeliveryAvailable","isOfficial","isFeatured","rating","reviewCount","gradientFrom","gradientTo","emoji","image","preorderInfo","serviceInfo","categoryId","vendorId") VALUES ('prod-blender', 'compact-electric-blender', 'Compact Electric Blender', 'Official NikiMart compact blender, perfect for smoothies and small hostel kitchens.', 195, NULL, 33, 'in_stock', '["in_stock","official"]', '["any"]', TRUE, TRUE, TRUE, TRUE, FALSE, 4.6, 59, '#07111f', '#ffc107', '🧃', '/products/compact-electric-blender.jpg', NULL, NULL, 'cat-electronics', 'vendor-nikimart-official');
INSERT INTO "Product" ("id","slug","name","description","price","oldPrice","stockQuantity","productType","badges","locationIds","campusDeliveryAvailable","pickupAvailable","sameDayDeliveryAvailable","isOfficial","isFeatured","rating","reviewCount","gradientFrom","gradientTo","emoji","image","preorderInfo","serviceInfo","categoryId","vendorId") VALUES ('prod-bedsheet', 'hostel-bedding-set', '4-Piece Hostel Bedding Set', 'Soft and durable 4-piece bedding set sized perfectly for hostel beds.', 220, NULL, 27, 'in_stock', '["in_stock","campus_delivery"]', '["stu","sunyani"]', TRUE, TRUE, FALSE, FALSE, FALSE, 4.5, 34, '#ff8a00', '#122a47', '🛏️', '/products/hostel-bedding-set.jpg', NULL, NULL, 'cat-hostel', 'vendor-sunyanigeneral');
INSERT INTO "Product" ("id","slug","name","description","price","oldPrice","stockQuantity","productType","badges","locationIds","campusDeliveryAvailable","pickupAvailable","sameDayDeliveryAvailable","isOfficial","isFeatured","rating","reviewCount","gradientFrom","gradientTo","emoji","image","preorderInfo","serviceInfo","categoryId","vendorId") VALUES ('prod-readinglamp', 'rechargeable-reading-lamp', 'Rechargeable LED Reading Lamp', 'Bright, rechargeable LED lamp with 3 brightness modes — perfect for late night study.', 85, NULL, 70, 'in_stock', '["in_stock","campus_delivery","same_day_delivery"]', '["ug","knust"]', TRUE, TRUE, TRUE, FALSE, FALSE, 4.4, 46, '#ffc107', '#07111f', '💡', '/products/rechargeable-reading-lamp.jpg', NULL, NULL, 'cat-hostel', 'vendor-campusgadgets');
INSERT INTO "Product" ("id","slug","name","description","price","oldPrice","stockQuantity","productType","badges","locationIds","campusDeliveryAvailable","pickupAvailable","sameDayDeliveryAvailable","isOfficial","isFeatured","rating","reviewCount","gradientFrom","gradientTo","emoji","image","preorderInfo","serviceInfo","categoryId","vendorId") VALUES ('prod-notebookset', 'a5-notebook-set', 'A5 Notebook Set (Pack of 5)', 'Durable A5 notebooks, pack of 5, ideal for lectures and note-taking.', 48, NULL, 100, 'in_stock', '["in_stock"]', '["sunyani","stu","ttc"]', TRUE, TRUE, FALSE, FALSE, FALSE, 4.3, 22, '#10b981', '#0e1f36', '📓', '/products/a5-notebook-set.jpg', NULL, NULL, 'cat-school', 'vendor-sunyanigeneral');
INSERT INTO "Product" ("id","slug","name","description","price","oldPrice","stockQuantity","productType","badges","locationIds","campusDeliveryAvailable","pickupAvailable","sameDayDeliveryAvailable","isOfficial","isFeatured","rating","reviewCount","gradientFrom","gradientTo","emoji","image","preorderInfo","serviceInfo","categoryId","vendorId") VALUES ('prod-vitaminc', 'vitamin-c-immune-boost', 'Vitamin C Immune Boost Tablets', 'Daily Vitamin C tablets to support a healthy immune system, 60-count bottle.', 95, NULL, 80, 'in_stock', '["in_stock","official","top_rated"]', '["any"]', TRUE, TRUE, TRUE, TRUE, FALSE, 4.8, 134, '#10b981', '#ffc107', '💊', '/products/vitamin-c-immune-boost.jpg', NULL, NULL, 'cat-health', 'vendor-nikimart-official');
INSERT INTO "Product" ("id","slug","name","description","price","oldPrice","stockQuantity","productType","badges","locationIds","campusDeliveryAvailable","pickupAvailable","sameDayDeliveryAvailable","isOfficial","isFeatured","rating","reviewCount","gradientFrom","gradientTo","emoji","image","preorderInfo","serviceInfo","categoryId","vendorId") VALUES ('prod-babywipes', 'gentle-baby-wipes-pack', 'Gentle Baby Wipes (6-Pack)', 'Alcohol-free gentle baby wipes, bulk 6-pack for everyday use.', 110, NULL, 38, 'in_stock', '["in_stock"]', '["sunyani","kumasi"]', FALSE, TRUE, FALSE, FALSE, FALSE, 4.6, 29, '#ffc107', '#10b981', '🧸', '/products/gentle-baby-wipes-pack.jpg', NULL, NULL, 'cat-baby-kids', 'vendor-sunyanigeneral');
INSERT INTO "Product" ("id","slug","name","description","price","oldPrice","stockQuantity","productType","badges","locationIds","campusDeliveryAvailable","pickupAvailable","sameDayDeliveryAvailable","isOfficial","isFeatured","rating","reviewCount","gradientFrom","gradientTo","emoji","image","preorderInfo","serviceInfo","categoryId","vendorId") VALUES ('prod-hoodie', 'nikimart-campus-hoodie', 'NikiMart Campus Hoodie', 'Official NikiMart branded hoodie — soft fleece, unisex fit, available in 4 colours.', 165, NULL, 55, 'in_stock', '["in_stock","official","top_rated"]', '["any"]', TRUE, TRUE, TRUE, TRUE, TRUE, 4.9, 201, '#07111f', '#ff8a00', '👕', '/products/nikimart-campus-hoodie.jpg', NULL, NULL, 'cat-official', 'vendor-nikimart-official');
INSERT INTO "Product" ("id","slug","name","description","price","oldPrice","stockQuantity","productType","badges","locationIds","campusDeliveryAvailable","pickupAvailable","sameDayDeliveryAvailable","isOfficial","isFeatured","rating","reviewCount","gradientFrom","gradientTo","emoji","image","preorderInfo","serviceInfo","categoryId","vendorId") VALUES ('prod-totewatch', 'nikimart-classic-watch', 'NikiMart Classic Watch', 'Minimalist official NikiMart watch with leather strap and 1-year warranty.', 320, 399, 20, 'in_stock', '["in_stock","official","flash_sale"]', '["any"]', TRUE, TRUE, TRUE, TRUE, TRUE, 4.7, 77, '#122a47', '#ffc107', '⌚', '/products/nikimart-classic-watch.jpg', NULL, NULL, 'cat-official', 'vendor-nikimart-official');
INSERT INTO "Product" ("id","slug","name","description","price","oldPrice","stockQuantity","productType","badges","locationIds","campusDeliveryAvailable","pickupAvailable","sameDayDeliveryAvailable","isOfficial","isFeatured","rating","reviewCount","gradientFrom","gradientTo","emoji","image","preorderInfo","serviceInfo","categoryId","vendorId") VALUES ('prod-flashdrive', '64gb-usb-flash-drive', '64GB USB 3.0 Flash Drive', 'Fast, reliable 64GB flash drive for assignments, projects and backups.', 60, NULL, 90, 'in_stock', '["in_stock","limited_stock"]', '["ug","accra"]', TRUE, TRUE, TRUE, FALSE, FALSE, 4.5, 31, '#0e1f36', '#10b981', '🔑', '/products/64gb-usb-flash-drive.jpg', NULL, NULL, 'cat-school', 'vendor-campusgadgets');
INSERT INTO "Product" ("id","slug","name","description","price","oldPrice","stockQuantity","productType","badges","locationIds","campusDeliveryAvailable","pickupAvailable","sameDayDeliveryAvailable","isOfficial","isFeatured","rating","reviewCount","gradientFrom","gradientTo","emoji","image","preorderInfo","serviceInfo","categoryId","vendorId") VALUES ('prod-iphone15promax', 'iphone-15-pro-max-preorder', 'iPhone 15 Pro Max 256GB (Preorder)', 'Brand new iPhone 15 Pro Max, factory sealed, imported on order from Dubai.', 9800, NULL, 0, 'preorder', '["preorder","deposit_required","imported_item"]', '["accra","kumasi"]', FALSE, TRUE, FALSE, FALSE, TRUE, 4.9, 22, '#07111f', '#122a47', '📱', '/products/iphone-15-pro-max-preorder.jpg', '{"estimatedArrival":"4-5 weeks","closingDate":"2026-07-10","depositRequired":true,"depositType":"percentage","depositValue":40,"balanceInstruction":"Pay the remaining balance on arrival before delivery or pickup.","refundPolicy":"Full deposit refund if the order is cancelled before the closing date.","sourceLocation":"Dubai, UAE","preorderStatus":"open"}', NULL, 'cat-phones', 'vendor-importedstyles');
INSERT INTO "Product" ("id","slug","name","description","price","oldPrice","stockQuantity","productType","badges","locationIds","campusDeliveryAvailable","pickupAvailable","sameDayDeliveryAvailable","isOfficial","isFeatured","rating","reviewCount","gradientFrom","gradientTo","emoji","image","preorderInfo","serviceInfo","categoryId","vendorId") VALUES ('prod-ps5', 'playstation-5-slim-preorder', 'PlayStation 5 Slim (Preorder)', 'Next-gen PlayStation 5 Slim console, imported on preorder with 1 controller included.', 6200, NULL, 0, 'preorder', '["preorder","deposit_required","imported_item","limited_stock"]', '["accra","knust"]', FALSE, TRUE, FALSE, FALSE, TRUE, 4.8, 16, '#122a47', '#07111f', '🎮', '/products/playstation-5-slim-preorder.jpg', '{"estimatedArrival":"5-6 weeks","closingDate":"2026-07-10","depositRequired":true,"depositType":"percentage","depositValue":50,"balanceInstruction":"Pay the remaining balance on arrival before delivery or pickup.","refundPolicy":"Full deposit refund if the order is cancelled before the closing date.","sourceLocation":"Dubai, UAE","preorderStatus":"closing_soon","minimumOrders":5}', NULL, 'cat-electronics', 'vendor-importedstyles');
INSERT INTO "Product" ("id","slug","name","description","price","oldPrice","stockQuantity","productType","badges","locationIds","campusDeliveryAvailable","pickupAvailable","sameDayDeliveryAvailable","isOfficial","isFeatured","rating","reviewCount","gradientFrom","gradientTo","emoji","image","preorderInfo","serviceInfo","categoryId","vendorId") VALUES ('prod-airjordans', 'imported-air-sneakers-preorder', 'Imported Air Sneakers (Preorder)', 'Trending imported sneakers, preorder now and receive in 3-4 weeks.', 950, NULL, 0, 'preorder', '["preorder","deposit_required","imported_item"]', '["kumasi","accra"]', FALSE, TRUE, FALSE, FALSE, FALSE, 4.6, 12, '#ff8a00', '#07111f', '👟', '/products/imported-air-sneakers-preorder.jpg', '{"estimatedArrival":"3-4 weeks","closingDate":"2026-07-10","depositRequired":true,"depositType":"percentage","depositValue":30,"balanceInstruction":"Pay the remaining balance on arrival before delivery or pickup.","refundPolicy":"Full deposit refund if the order is cancelled before the closing date.","sourceLocation":"Dubai, UAE","preorderStatus":"open"}', NULL, 'cat-shoes-bags', 'vendor-importedstyles');
INSERT INTO "Product" ("id","slug","name","description","price","oldPrice","stockQuantity","productType","badges","locationIds","campusDeliveryAvailable","pickupAvailable","sameDayDeliveryAvailable","isOfficial","isFeatured","rating","reviewCount","gradientFrom","gradientTo","emoji","image","preorderInfo","serviceInfo","categoryId","vendorId") VALUES ('prod-designerbag', 'designer-handbag-preorder', 'Designer Handbag (Preorder)', 'Premium designer-inspired handbag, imported to order from trusted overseas suppliers.', 680, NULL, 0, 'preorder', '["preorder","deposit_required","imported_item"]', '["accra"]', FALSE, FALSE, FALSE, FALSE, FALSE, 4.5, 9, '#ef4444', '#ffc107', '👜', '/products/designer-handbag-preorder.jpg', '{"estimatedArrival":"3-4 weeks","closingDate":"2026-07-10","depositRequired":true,"depositType":"percentage","depositValue":35,"balanceInstruction":"Pay the remaining balance on arrival before delivery or pickup.","refundPolicy":"Full deposit refund if the order is cancelled before the closing date.","sourceLocation":"Dubai, UAE","preorderStatus":"open"}', NULL, 'cat-shoes-bags', 'vendor-importedstyles');
INSERT INTO "Product" ("id","slug","name","description","price","oldPrice","stockQuantity","productType","badges","locationIds","campusDeliveryAvailable","pickupAvailable","sameDayDeliveryAvailable","isOfficial","isFeatured","rating","reviewCount","gradientFrom","gradientTo","emoji","image","preorderInfo","serviceInfo","categoryId","vendorId") VALUES ('prod-smartwatch', 'smartwatch-series-preorder', 'Smartwatch Series X (Preorder)', 'Latest generation smartwatch with health tracking, imported on preorder.', 1450, NULL, 0, 'preorder', '["preorder","deposit_required","imported_item"]', '["accra","kumasi","knust"]', FALSE, TRUE, FALSE, FALSE, TRUE, 4.7, 14, '#0e1f36', '#ffc107', '⌚', '/products/smartwatch-series-preorder.jpg', '{"estimatedArrival":"3-4 weeks","closingDate":"2026-07-10","depositRequired":true,"depositType":"percentage","depositValue":30,"balanceInstruction":"Pay the remaining balance on arrival before delivery or pickup.","refundPolicy":"Full deposit refund if the order is cancelled before the closing date.","sourceLocation":"Dubai, UAE","preorderStatus":"open"}', NULL, 'cat-phone-accessories', 'vendor-importedstyles');
INSERT INTO "Product" ("id","slug","name","description","price","oldPrice","stockQuantity","productType","badges","locationIds","campusDeliveryAvailable","pickupAvailable","sameDayDeliveryAvailable","isOfficial","isFeatured","rating","reviewCount","gradientFrom","gradientTo","emoji","image","preorderInfo","serviceInfo","categoryId","vendorId") VALUES ('prod-gamingchair', 'ergonomic-gaming-chair-preorder', 'Ergonomic Gaming Chair (Preorder)', 'Comfortable ergonomic gaming chair, preorder now ahead of next shipment.', 1850, NULL, 0, 'preorder', '["preorder","deposit_required","imported_item"]', '["accra"]', FALSE, TRUE, FALSE, FALSE, FALSE, 4.4, 7, '#122a47', '#10b981', '🪑', '/products/ergonomic-gaming-chair-preorder.jpg', '{"estimatedArrival":"6-7 weeks","closingDate":"2026-07-10","depositRequired":true,"depositType":"percentage","depositValue":40,"balanceInstruction":"Pay the remaining balance on arrival before delivery or pickup.","refundPolicy":"Full deposit refund if the order is cancelled before the closing date.","sourceLocation":"Dubai, UAE","preorderStatus":"open"}', NULL, 'cat-electronics', 'vendor-importedstyles');
INSERT INTO "Product" ("id","slug","name","description","price","oldPrice","stockQuantity","productType","badges","locationIds","campusDeliveryAvailable","pickupAvailable","sameDayDeliveryAvailable","isOfficial","isFeatured","rating","reviewCount","gradientFrom","gradientTo","emoji","image","preorderInfo","serviceInfo","categoryId","vendorId") VALUES ('prod-laundry', 'campus-laundry-service', 'Campus Laundry & Ironing Service', 'Wash, dry and iron service with same-day turnaround for campus residents.', 25, NULL, 0, 'service', '["service","campus_delivery","top_rated"]', '["ug","upsa"]', TRUE, TRUE, TRUE, FALSE, TRUE, 4.8, 203, '#10b981', '#0e1f36', '🧺', '/products/campus-laundry-service.jpg', NULL, '{"serviceArea":"On campus & nearby community","availability":"Mon - Sat, 8am - 7pm","priceType":"fixed","minPrice":25,"maxPrice":25,"bookingNotes":"Drop-off by 10am for same-day pickup."}', 'cat-services', 'vendor-quickfix');
INSERT INTO "Product" ("id","slug","name","description","price","oldPrice","stockQuantity","productType","badges","locationIds","campusDeliveryAvailable","pickupAvailable","sameDayDeliveryAvailable","isOfficial","isFeatured","rating","reviewCount","gradientFrom","gradientTo","emoji","image","preorderInfo","serviceInfo","categoryId","vendorId") VALUES ('prod-printing', 'printing-and-binding-service', 'Printing & Binding Service', 'Fast, affordable printing, photocopying and project binding services.', 1, NULL, 0, 'service', '["service","same_day_delivery"]', '["ug","accra"]', FALSE, TRUE, TRUE, FALSE, FALSE, 4.6, 156, '#0e1f36', '#ff8a00', '🖨️', '/products/printing-and-binding-service.jpg', NULL, '{"serviceArea":"On campus & nearby community","availability":"Mon - Sat, 8am - 7pm","priceType":"range","minPrice":1,"maxPrice":50,"bookingNotes":"Price per page; binding priced separately."}', 'cat-services', 'vendor-quickfix');
INSERT INTO "Product" ("id","slug","name","description","price","oldPrice","stockQuantity","productType","badges","locationIds","campusDeliveryAvailable","pickupAvailable","sameDayDeliveryAvailable","isOfficial","isFeatured","rating","reviewCount","gradientFrom","gradientTo","emoji","image","preorderInfo","serviceInfo","categoryId","vendorId") VALUES ('prod-phonerepair', 'phone-screen-repair-service', 'Phone Screen Repair Service', 'Professional screen and battery replacement for most smartphone brands.', 150, NULL, 0, 'service', '["service","verified_seller","top_rated"]', '["ug","accra","upsa"]', FALSE, TRUE, TRUE, FALSE, TRUE, 4.7, 189, '#ff8a00', '#122a47', '🛠️', '/products/phone-screen-repair-service.jpg', NULL, '{"serviceArea":"On campus & nearby community","availability":"Mon - Sat, 8am - 7pm","priceType":"range","minPrice":150,"maxPrice":600,"bookingNotes":"Repair time 30 mins - 2 hours depending on damage."}', 'cat-services', 'vendor-quickfix');
INSERT INTO "Product" ("id","slug","name","description","price","oldPrice","stockQuantity","productType","badges","locationIds","campusDeliveryAvailable","pickupAvailable","sameDayDeliveryAvailable","isOfficial","isFeatured","rating","reviewCount","gradientFrom","gradientTo","emoji","image","preorderInfo","serviceInfo","categoryId","vendorId") VALUES ('prod-graphicdesign', 'graphic-design-service', 'Graphic Design & Branding Service', 'Logos, flyers, social media graphics and branding kits designed to order.', 80, NULL, 0, 'service', '["service"]', '["accra","ug"]', FALSE, FALSE, FALSE, FALSE, FALSE, 4.9, 64, '#122a47', '#ffc107', '🎨', '/products/graphic-design-service.jpg', NULL, '{"serviceArea":"On campus & nearby community","availability":"Mon - Sat, 8am - 7pm","priceType":"range","minPrice":80,"maxPrice":400,"bookingNotes":"Turnaround typically 24-72 hours."}', 'cat-services', 'vendor-quickfix');
INSERT INTO "Product" ("id","slug","name","description","price","oldPrice","stockQuantity","productType","badges","locationIds","campusDeliveryAvailable","pickupAvailable","sameDayDeliveryAvailable","isOfficial","isFeatured","rating","reviewCount","gradientFrom","gradientTo","emoji","image","preorderInfo","serviceInfo","categoryId","vendorId") VALUES ('prod-makeup', 'event-makeup-service', 'Event & Bridal Makeup Service', 'Professional makeup application for graduations, weddings and special events.', 200, NULL, 0, 'service', '["service","top_rated"]', '["accra","ucc"]', FALSE, FALSE, FALSE, FALSE, TRUE, 4.8, 91, '#ef4444', '#ff8a00', '💄', '/products/event-makeup-service.jpg', NULL, '{"serviceArea":"On campus & nearby community","availability":"Mon - Sat, 8am - 7pm","priceType":"range","minPrice":200,"maxPrice":600,"bookingNotes":"Book at least 3 days in advance for events."}', 'cat-services', 'vendor-glamhouse');
INSERT INTO "Product" ("id","slug","name","description","price","oldPrice","stockQuantity","productType","badges","locationIds","campusDeliveryAvailable","pickupAvailable","sameDayDeliveryAvailable","isOfficial","isFeatured","rating","reviewCount","gradientFrom","gradientTo","emoji","image","preorderInfo","serviceInfo","categoryId","vendorId") VALUES ('prod-cleaning', 'hostel-cleaning-service', 'Hostel Room Cleaning Service', 'Thorough room cleaning service for busy students — deep clean or quick tidy options.', 60, NULL, 0, 'service', '["service","campus_delivery"]', '["ug","knust"]', TRUE, FALSE, TRUE, FALSE, FALSE, 4.5, 47, '#10b981', '#ffc107', '🧹', '/products/hostel-cleaning-service.jpg', NULL, '{"serviceArea":"On campus & nearby community","availability":"Mon - Sat, 8am - 7pm","priceType":"range","minPrice":60,"maxPrice":150,"bookingNotes":"Same-day booking subject to availability."}', 'cat-services', 'vendor-quickfix');
INSERT INTO "Product" ("id","slug","name","description","price","oldPrice","stockQuantity","productType","badges","locationIds","campusDeliveryAvailable","pickupAvailable","sameDayDeliveryAvailable","isOfficial","isFeatured","rating","reviewCount","gradientFrom","gradientTo","emoji","image","preorderInfo","serviceInfo","categoryId","vendorId") VALUES ('prod-jollof', 'special-jollof-rice-combo', 'Special Jollof Rice Combo', 'Smoky jollof rice with grilled chicken, coleslaw and a side of plantain.', 35, NULL, 0, 'food', '["food_vendor","campus_delivery","top_rated"]', '["knust","kumasi"]', TRUE, TRUE, TRUE, FALSE, TRUE, 4.9, 312, '#ff8a00', '#ef4444', '🍛', '/products/special-jollof-rice-combo.jpg', NULL, NULL, 'cat-food-drinks', 'vendor-mamaadwoa');
INSERT INTO "Product" ("id","slug","name","description","price","oldPrice","stockQuantity","productType","badges","locationIds","campusDeliveryAvailable","pickupAvailable","sameDayDeliveryAvailable","isOfficial","isFeatured","rating","reviewCount","gradientFrom","gradientTo","emoji","image","preorderInfo","serviceInfo","categoryId","vendorId") VALUES ('prod-waakye', 'waakye-special', 'Waakye Special with Fish', 'Traditional waakye served with fried fish, gari, and shito.', 30, NULL, 0, 'food', '["food_vendor","campus_delivery"]', '["knust"]', TRUE, TRUE, TRUE, FALSE, FALSE, 4.7, 178, '#10b981', '#ff8a00', '🍚', '/products/waakye-special.jpg', NULL, NULL, 'cat-food-drinks', 'vendor-mamaadwoa');
INSERT INTO "Product" ("id","slug","name","description","price","oldPrice","stockQuantity","productType","badges","locationIds","campusDeliveryAvailable","pickupAvailable","sameDayDeliveryAvailable","isOfficial","isFeatured","rating","reviewCount","gradientFrom","gradientTo","emoji","image","preorderInfo","serviceInfo","categoryId","vendorId") VALUES ('prod-friedrice', 'fried-rice-chicken-combo', 'Fried Rice & Chicken Combo', 'Vegetable fried rice paired with seasoned grilled chicken.', 38, NULL, 0, 'food', '["food_vendor","same_day_delivery"]', '["kumasi"]', FALSE, TRUE, TRUE, FALSE, FALSE, 4.6, 94, '#ffc107', '#10b981', '🍗', '/products/fried-rice-chicken-combo.jpg', NULL, NULL, 'cat-food-drinks', 'vendor-mamaadwoa');
INSERT INTO "Product" ("id","slug","name","description","price","oldPrice","stockQuantity","productType","badges","locationIds","campusDeliveryAvailable","pickupAvailable","sameDayDeliveryAvailable","isOfficial","isFeatured","rating","reviewCount","gradientFrom","gradientTo","emoji","image","preorderInfo","serviceInfo","categoryId","vendorId") VALUES ('prod-smoothie', 'fresh-fruit-smoothie', 'Fresh Fruit Smoothie', 'Refreshing blend of seasonal fruits, perfect for a quick energy boost.', 18, NULL, 0, 'food', '["food_vendor"]', '["knust","kumasi"]', TRUE, TRUE, FALSE, FALSE, FALSE, 4.5, 56, '#10b981', '#ffc107', '🥤', '/products/fresh-fruit-smoothie.jpg', NULL, NULL, 'cat-food-drinks', 'vendor-mamaadwoa');

-- Pickup points -------------------------------------------------------
INSERT INTO "PickupPoint" ("id","name","code","locationName","address","isActive","createdAt","operatorId") VALUES ('pp-ug-legon', 'NikiMart Pickup — Legon', 'UG-LEGON', 'University of Ghana, Legon', 'Night Market, near the JQB block, Legon Campus', TRUE, now(), 'usr-pickup');
INSERT INTO "PickupPoint" ("id","name","code","locationName","address","isActive","createdAt","operatorId") VALUES ('pp-knust', 'NikiMart Pickup — KNUST', 'KNUST-CENTRAL', 'KNUST, Kumasi', 'Commercial Area, opposite the Central Cafeteria', TRUE, now(), NULL);
INSERT INTO "PickupPoint" ("id","name","code","locationName","address","isActive","createdAt","operatorId") VALUES ('pp-sunyani', 'NikiMart Pickup — Sunyani', 'SUNYANI-MAIN', 'Sunyani Central', 'Nana Bosoma Market Road, near the STC yard', TRUE, now(), NULL);

-- Sample orders + items + shipments -----------------------------------
INSERT INTO "Order" ("id","orderNumber","status","subtotal","deliveryFee","total","deliveryMethod","address","createdAt","updatedAt","userId","pickupPointId") VALUES ('order-1001', 'NM-1001', 'delivered', 4148, 20, 4168, 'delivery', 'Hall 6, Room 214, Legon Campus, Accra', now(), now(), 'usr-customer', NULL);
INSERT INTO "OrderItem" ("id","quantity","unitPrice","orderId","productId") VALUES ('order-1001-i0', 1, 3899, 'order-1001', 'prod-iphone13');
INSERT INTO "OrderItem" ("id","quantity","unitPrice","orderId","productId") VALUES ('order-1001-i1', 1, 249, 'order-1001', 'prod-earbuds');
INSERT INTO "Shipment" ("id","trackingNumber","status","carrier","origin","destination","eta","createdAt","updatedAt","orderId","freightAgentId") VALUES ('ship-1001', 'NMF-1001', 'delivered', 'NikiMart Freight', 'Accra Warehouse', 'Legon Campus, Accra', now() + interval '2 days', now(), now(), 'order-1001', 'usr-freight');
INSERT INTO "Order" ("id","orderNumber","status","subtotal","deliveryFee","total","deliveryMethod","address","createdAt","updatedAt","userId","pickupPointId") VALUES ('order-1002', 'NM-1002', 'shipped', 378, 0, 378, 'pickup', NULL, now(), now(), 'usr-customer', 'pp-ug-legon');
INSERT INTO "OrderItem" ("id","quantity","unitPrice","orderId","productId") VALUES ('order-1002-i0', 2, 189, 'order-1002', 'prod-powerbank');
INSERT INTO "Shipment" ("id","trackingNumber","status","carrier","origin","destination","eta","createdAt","updatedAt","orderId","freightAgentId") VALUES ('ship-1002', 'NMF-1002', 'in_transit', 'NikiMart Freight', 'Accra Warehouse', 'NikiMart Pickup — Legon', now() + interval '2 days', now(), now(), 'order-1002', 'usr-freight');
INSERT INTO "Order" ("id","orderNumber","status","subtotal","deliveryFee","total","deliveryMethod","address","createdAt","updatedAt","userId","pickupPointId") VALUES ('order-1003', 'NM-1003', 'paid', 175, 20, 195, 'delivery', 'Ahodwo, Kumasi', now(), now(), 'usr-customer', NULL);
INSERT INTO "OrderItem" ("id","quantity","unitPrice","orderId","productId") VALUES ('order-1003-i0', 1, 175, 'order-1003', 'prod-skincare');
INSERT INTO "Shipment" ("id","trackingNumber","status","carrier","origin","destination","eta","createdAt","updatedAt","orderId","freightAgentId") VALUES ('ship-1003', 'NMF-1003', 'processing', 'NikiMart Freight', 'Kumasi Hub', 'Ahodwo, Kumasi', now() + interval '2 days', now(), now(), 'order-1003', 'usr-freight');

COMMIT;
